sep=,,,,,,,,,,,,,,,,,,,,,,,,,,,,,,
ACCELEROMETER X (m/s²),ACCELEROMETER Y (m/s²),ACCELEROMETER Z (m/s²),GRAVITY X (m/s²),GRAVITY Y (m/s²),GRAVITY Z (m/s²),LINEAR ACCELERATION X (m/s²),LINEAR ACCELERATION Y (m/s²),LINEAR ACCELERATION Z (m/s²),GYROSCOPE X (rad/s),GYROSCOPE Y (rad/s),GYROSCOPE Z (rad/s),LIGHT (lux),MAGNETIC FIELD X (μT),MAGNETIC FIELD Y (μT),MAGNETIC FIELD Z (μT),ORIENTATION Z (azimuth °),ORIENTATION X (pitch °),ORIENTATION Y (roll °),PROXIMITY (i),SOUND LEVEL (dB),LOCATION Latitude : ,LOCATION Longitude : ,LOCATION Altitude ( m),LOCATION Altitude-google ( m),LOCATION Speed ( Kmh),LOCATION Accuracy ( m),LOCATION ORIENTATION (°),Satellites in range,Time since start in ms ,YYYY-MO-DD HH-MI-SS_SSS
-1.6662,0.5453,9.5283,-2.2621,-0.6661,9.5189,0.7218,1.3575,-0.1253,0.3807,-1.3632,0.705,47,50.47,8.86,2.82,279.65,3.89,13.37,5,61.065,,,,NaN,,,,0 / 0,10,2018-08-09 19:16:52:794
-1.0075,2.1982,14.1659,0.5507,2.118,9.5593,-1.5755,0.6157,3.3236,-1.0281,-0.1088,0.0744,63,47.91,6.64,-13.1,280.52,-12.47,-3.3,5,56.058,,,,NaN,,,,0 / 0,508,2018-08-09 19:16:53:292
2.581,3.2019,10.4864,1.4313,3.0017,9.2256,1.1993,0.0523,1.3309,-0.1167,0.2156,0.0967,78,50.75,-9.15,-12.62,262.06,-17.74,-8.65,5,56.141,,,,NaN,,,,0 / 0,1008,2018-08-09 19:16:53:792
2.5067,2.7539,16.3482,2.0239,2.7744,9.1857,0.3896,-0.0453,6.9732,-0.3564,-0.1791,-0.3384,27,51.85,-1.89,-21.82,271.61,-17.41,-11.71,5,55.532,,,,NaN,,,,0 / 0,1508,2018-08-09 19:16:54:292
3.9081,1.3478,13.7683,2.2284,2.9857,9.0714,1.8598,-1.6522,5.155,-0.0869,0.361,0.044,61,57.11,-10.99,-19.01,261.47,-17.85,-13.8,5,61.886,,,,NaN,,,,0 / 0,2008,2018-08-09 19:16:54:792
2.9044,3.3552,16.0176,2.5882,2.4866,9.1263,0.4173,0.989,6.7178,-0.5615,-0.1765,0.0035,17,61.92,2.93,-25.25,275.54,-15.61,-14.26,5,57.314,,,,NaN,,,,0 / 0,2509,2018-08-09 19:16:55:293
5.7957,1.4939,16.5302,2.4886,3.2315,8.9182,3.5144,-2.21,7.0716,-1.3658,-1.1948,0.1021,18,66.02,-11.19,-17.15,260.96,-19.24,-15.59,5,62.514,,,,NaN,,,,0 / 0,3008,2018-08-09 19:16:55:792
4.2195,3.0629,14.875,2.5903,2.6239,9.0871,1.4016,0.4915,5.5899,-0.1881,-1.295,-0.4263,8,58.06,6.39,-19.57,276.22,-15.52,-15.91,5,62.764,,,,NaN,,,,0 / 0,3508,2018-08-09 19:16:56:292
2.2049,2.8497,9.7918,2.2891,3.0697,9.0281,-0.3776,-0.1494,0.2549,-0.0624,-0.5962,0.3673,6,51.21,0.96,-9.1,271.23,-18.38,-13.82,5,61.887,,,,NaN,,,,0 / 0,4008,2018-08-09 19:16:56:792
2.1905,3.5468,7.7628,2.673,1.9723,9.2269,-0.5628,1.1697,-2.8697,0.0537,0.369,-0.5115,6,41.53,8.47,-10.55,280.17,-11.34,-16.63,5,61.617,,,,NaN,,,,0 / 0,4508,2018-08-09 19:16:57:292
0.8131,2.4066,4.9146,1.6234,2.5305,9.3344,-0.7744,-0.1505,-4.371,0.2327,1.0353,0.2118,6,35.31,2.45,-3.9,272.49,-14.66,-11.61,5,61.273,,,,NaN,,,,0 / 0,5007,2018-08-09 19:16:57:791
2.7007,1.4029,5.7458,1.1268,1.8653,9.5615,1.6566,-0.476,-3.8709,-0.3713,0.1154,-1.719,6,33.93,8.1,-4.71,283.18,-10.96,-6.72,5,60.004,,,,NaN,,,,0 / 0,5509,2018-08-09 19:16:58:293
1.2179,1.4628,11.2267,0.5567,2.28,9.5217,0.5796,-0.8808,1.8753,0.3371,0.0419,-0.6063,6,24.71,25.15,-8.39,314.26,-12.9,-3.63,5,63.118,,,,NaN,,,,0 / 0,6008,2018-08-09 19:16:58:792
3.5583,2.6342,9.0348,0.3813,2.5052,9.4736,3.1064,0.1453,-0.2499,-0.0209,-0.3341,-0.9621,6,15.52,39.25,-4.09,337.45,-14.04,-1.19,5,61.579,,,,NaN,,,,0 / 0,6508,2018-08-09 19:16:59:292
2.2025,1.2735,13.0065,1.8125,0.8845,9.597,0.327,0.4027,3.2895,-0.8145,-0.0513,-1.1198,8,-14.05,42.68,4.56,16.98,-6.44,-10.73,5,64.681,,,,NaN,,,,0 / 0,7007,2018-08-09 19:16:59:791
1.321,3.2714,8.7042,1.0721,1.1004,9.6856,0.0441,2.1698,-1.4167,0.1437,-0.4428,-0.748,8,-28.64,35.19,4.36,41.08,-6.23,-6.18,5,61.457,,,,NaN,,,,0 / 0,7509,2018-08-09 19:17:00:293
3.2709,2.3347,6.2273,3.1227,1.3479,9.198,0.1861,0.9902,-3.0539,-0.0422,-0.137,-0.9238,10,-40.69,24.18,10.44,60,-7.63,-18.65,5,60.927,,,,NaN,,,,0 / 0,8008,2018-08-09 19:17:00:792
2.6361,1.8413,4.0211,5.7352,2.2556,7.6282,-2.7855,-0.6018,-4.5145,1.4806,-5.661,1.3846,11,-44.79,22.16,21.48,66.01,-12.55,-27.13,5,68.498,,,,NaN,,,,0 / 0,8508,2018-08-09 19:17:01:292
10.4453,0.7585,-5.3093,7.3682,-6.4585,0.4104,2.8546,6.4359,-3.0384,0.8335,-0.2127,-1.057,0,15.33,32.1,36.78,45.07,43.24,-89.32,0,67.664,,,,NaN,,,,0 / 0,9008,2018-08-09 19:17:01:792
8.5074,0.2986,1.0363,8.2088,-5.362,-0.1859,-0.0459,6.0235,1.0135,1.5477,-0.8678,1.6259,0,19.47,52.4,21.3,25.24,29.94,-91.17,0,65.242,,,,NaN,,,,0 / 0,9508,2018-08-09 19:17:02:292
0.5041,-9.9158,2.4592,6.852,-5.7811,-3.9749,-4.8393,-3.6496,6.7296,-1.3423,-1.1373,0.4632,0,31.76,45.69,29.46,37.99,38.67,-110.11,0,61.251,,,,NaN,,,,0 / 0,10007,2018-08-09 19:17:02:791
6.5718,-3.6875,-1.055,5.9008,-7.8063,-0.6424,-0.7149,4.0313,-1.9006,1.5488,0.1122,0.8259,0,23.16,36.47,45.65,55.67,51.39,-100.3,0,65.699,,,,NaN,,,,0 / 0,10507,2018-08-09 19:17:03:291
-4.3132,-6.2267,3.1659,1.1866,-9.6434,-1.3297,-5.6568,3.7271,4.7507,-3.1751,-0.6569,-0.65,0,48.41,21.98,36.56,79.58,80.64,-135.19,0,69.319,,,,NaN,,,,0 / 0,11008,2018-08-09 19:17:03:792
0.1208,-5.2182,-1.8934,0.5084,-9.7459,-0.9639,-0.1534,4.507,-0.6274,1.4119,2.1059,0.7529,0,37.01,14.42,42.34,113.16,81.26,-158.4,0,67.398,,,,NaN,,,,0 / 0,11508,2018-08-09 19:17:04:292
-2.9598,-7.0939,-1.7161,0.6592,-9.3073,-3.0182,-2.4268,2.4055,2.2813,-3.1165,-1.5986,-1.1219,0,30.84,2.41,41.29,131.01,74.91,-169.55,0,68.204,,,,NaN,,,,0 / 0,12008,2018-08-09 19:17:04:792
1.9582,-8.5815,0.6578,1.3876,-9.6136,-1.3501,0.5915,1.1912,2.0042,2.3366,4.5096,0.0653,0,26.74,6.03,42.2,119.53,70.21,-160.22,0,68.945,,,,NaN,,,,0 / 0,12508,2018-08-09 19:17:05:292
-0.102,-9.705,-3.0193,-0.7041,-9.2712,3.1175,1.3028,-1.3019,-5.1246,-0.374,1.9349,-0.2969,0,-13.63,25.23,41.48,7.34,70.19,8.76,0,64.414,,,,NaN,,,,0 / 0,13008,2018-08-09 19:17:05:792
1.4096,-8.6509,-11.0178,1.5799,-9.2201,-2.9434,0.7133,-0.2201,-6.7159,0.6545,3.6617,-0.4801,0,-34.6,-7.83,31.8,205.45,69.5,-157.93,0,65.347,,,,NaN,,,,0 / 0,13508,2018-08-09 19:17:06:292
3.7069,-5.8746,-2.5306,0.4666,-9.5305,2.2634,3.7943,2.8362,-4.7417,0.0697,2.9016,0.2192,0,-35.94,2.12,-29.79,144.02,76.56,-15.31,0,61.869,,,,NaN,,,,0 / 0,14008,2018-08-09 19:17:06:792
-1.7333,-2.8515,0.4997,2.0556,-8.254,-4.8802,-3.2863,4.7715,5.8279,-2.8321,-4.1568,-1.5459,0,-37.93,23.84,-16.59,282.5,64.59,-151.83,0,66.343,,,,NaN,,,,0 / 0,14508,2018-08-09 19:17:07:292
1.8216,-5.8003,-2.1162,0.92,-9.7399,-0.6774,0.9799,3.7993,-1.3437,1.1083,1.4683,0.2698,0,-32.08,25.92,-30.91,284.65,80.37,-146.78,0,67.367,,,,NaN,,,,0 / 0,15008,2018-08-09 19:17:07:792
2.9427,-7.4412,-2.818,1.2485,-8.7523,-4.2438,0.6248,1.0054,1.5041,-3.182,-3.1549,-1.2221,0,-39.33,25.36,-13.54,281,67.29,-157.84,0,60.734,,,,NaN,,,,0 / 0,15508,2018-08-09 19:17:08:292
1.697,-7.5131,-1.7521,0.1788,-9.7224,-1.2698,1.3754,1.9414,-0.4997,1.7512,1.1146,0.1271,0,-38.17,21.11,-19.28,298.92,76.83,179.11,0,64.352,,,,NaN,,,,0 / 0,16008,2018-08-09 19:17:08:792
-2.2124,-8.3012,3.4725,0.7411,-9.5007,-2.3146,-1.6266,0.207,5.8023,-2.2569,-2.0982,-1.6988,0,-42.57,21.78,-18.33,288.86,78.85,-172.1,0,63.666,,,,NaN,,,,0 / 0,16508,2018-08-09 19:17:09:292
5.8412,-15.9068,-1.3784,0.802,-9.5369,-2.1389,5.6097,-10.3933,1.7215,1.682,2.4239,1.17,0,-44.56,14.62,-15.73,269.57,73.56,-159.53,0,65.591,,,,NaN,,,,0 / 0,17008,2018-08-09 19:17:09:792
2.8229,-12.7472,3.8606,0.4047,-9.7453,-1.0173,2.1839,-5.9517,4.2852,-3.0569,2.4047,-1.1725,0,-38.53,15.24,-24.06,281.9,83.59,-158.31,0,63.296,,,,NaN,,,,0 / 0,17508,2018-08-09 19:17:10:292
6.0568,-20.4271,2.1693,0.6446,-9.5445,-2.1581,2.2171,-9.2656,4.4476,2.2231,2.165,2.4808,0,-37.08,18.49,-21.46,279.2,71.91,-158.53,0,68.342,,,,NaN,,,,0 / 0,18008,2018-08-09 19:17:10:792
2.4133,-14.8696,-2.1689,0.0761,-9.8053,-0.1466,1.179,-3.612,-2.687,-3.7695,-1.1954,-0.5478,0,-23.67,16.18,-31.26,136.59,84.71,7.56,0,64.854,,,,NaN,,,,0 / 0,18508,2018-08-09 19:17:11:292
-4.8115,-4.9787,-1.3089,1.0839,-9.1032,-3.4823,-6.17,4.6903,2.0931,2.1826,3.3341,-0.4295,0,-32.14,28.72,-12.71,297.67,64.51,-171.91,0,68.29,,,,NaN,,,,0 / 0,19008,2018-08-09 19:17:11:792
4.1117,-9.7313,0.9261,-0.4042,-9.4021,2.7582,4.1201,-0.5619,-1.9048,-0.1263,0.9612,0.3508,0,2.32,18.32,-39.94,173.99,73.43,5.07,0,64.518,,,,NaN,,,,0 / 0,19508,2018-08-09 19:17:12:292
0.746,-4.7272,-6.6173,-0.7084,-6.3912,-7.4041,1.2715,1.8782,0.8493,0.1341,1.2531,0.5543,0,8.62,47.08,-5.44,14,41.02,173.69,0,66.983,,,,NaN,,,,0 / 0,20007,2018-08-09 19:17:12:791
-0.1882,-8.4976,-2.6048,1.3152,-9.5997,1.5124,-0.4028,0.6363,-3.5223,1.0742,4.2007,0.3769,0,34.53,30.91,-7.19,312.61,78.72,-56.25,0,65.707,,,,NaN,,,,0 / 0,20508,2018-08-09 19:17:13:292
-0.1499,-6.7394,-0.4657,2.3876,-8.7336,-3.7676,-0.3043,0.4507,3.0839,-3.434,-3.4287,-1.7227,0,40.64,30.56,20.87,68.74,62.95,-147.64,0,68.637,,,,NaN,,,,0 / 0,21008,2018-08-09 19:17:13:792
2.9379,-6.8711,-1.7904,0.701,-9.77,-0.4756,1.9706,2.6775,-1.4134,1.495,0.9767,0.3513,0,46.73,29.15,19.27,53.97,85.04,-124.16,0,68.346,,,,NaN,,,,0 / 0,21508,2018-08-09 19:17:14:292
-3.6041,-7.2879,5.9063,1.0357,-9.3674,-2.7111,-5.3627,1.5655,9.4906,-2.7756,-4.0956,-1.3696,0,50.5,32.38,23.74,87.88,76.7,-157.46,0,64.287,,,,NaN,,,,0 / 0,22008,2018-08-09 19:17:14:792
1.9414,-6.1573,-1.4574,0.6332,-9.6769,-1.4587,2.0621,2.4397,-0.2286,1.5003,2.2603,-0.2394,0,49.48,41.06,18.22,82.96,80.03,-160.56,0,67.598,,,,NaN,,,,0 / 0,22508,2018-08-09 19:17:15:292
1.2371,-12.1388,5.341,0.6305,-9.6561,-1.5911,1.7528,-2.9989,7.5248,-2.0784,2.2028,-1.4799,0,45.86,46.29,23.86,92.42,81.38,-162.61,0,65.001,,,,NaN,,,,0 / 0,23008,2018-08-09 19:17:15:792
7.221,-17.7082,-0.4082,0.5283,-9.5162,-2.3093,7.206,-9.6915,2.153,2.4053,2.3509,0.9447,0,46.66,52.26,18.93,81.44,71.13,-168.78,0,66.352,,,,NaN,,,,0 / 0,23508,2018-08-09 19:17:16:292
1.6443,-13.6862,-4.9883,-0.1278,-9.8006,-0.3197,2.5864,-4.7881,-3.6042,-3.7253,-1.6508,-1.0447,0,46.63,53.95,20.16,243.29,87.91,49.58,0,64.84,,,,NaN,,,,0 / 0,24008,2018-08-09 19:17:16:792
-4.6653,-1.5771,0.4949,0.2864,-9.0007,-3.8828,-4.6883,9.7806,1.0974,2.2519,3.0939,0.8318,0,47.63,41.58,26.64,95.18,64.18,-177.93,0,66.383,,,,NaN,,,,0 / 0,24508,2018-08-09 19:17:17:292
-2.3849,-13.1664,-3.0504,-0.7133,-9.6009,1.8666,-0.8732,-4.5602,-4.4291,-1.1341,-0.3703,-0.1201,0,41.98,45.95,18.44,285.18,77.28,19.71,0,63.785,,,,NaN,,,,0 / 0,25008,2018-08-09 19:17:17:792
-5.4702,-0.571,-15.2194,-0.7631,-7.5578,-6.2023,-0.1287,6.2188,9.9632,4.4239,1.8358,-0.3709,0,42.83,13.73,28.97,113.86,50.41,172.99,0,64.87,,,,NaN,,,,0 / 0,25508,2018-08-09 19:17:18:292
1.4048,-9.554,1.0387,0.6498,-9.4876,2.3946,0.61,-0.4783,-1.2066,0.5879,1.1418,0.2251,0,3.44,40.7,34.07,9.13,76.53,-21,0,67.993,,,,NaN,,,,0 / 0,26009,2018-08-09 19:17:18:793
0.1831,-9.2618,-1.3712,0.3824,-9.5266,-2.2951,-0.152,-0.0078,0.3943,-1.8702,0.035,-0.6575,0,-12.64,18.85,42.53,191.97,80.41,-175.86,0,63.216,,,,NaN,,,,0 / 0,26509,2018-08-09 19:17:19:293
-2.8999,-6.174,3.6114,1.6263,-9.6384,-0.7913,-4.1232,1.8768,3.7821,0.238,2.3525,-0.4561,0,-23.25,22.1,39.02,152.27,79.1,-124.23,0,61.891,,,,NaN,,,,0 / 0,27008,2018-08-09 19:17:19:792
2.4349,-14.3186,-3.2852,0.0138,-9.4933,2.4593,2.2059,-4.5982,-5.926,-0.04,0.4233,0.2826,0,-50.14,23.85,-10.29,95.95,75.38,-1.84,0,63.427,,,,NaN,,,,0 / 0,27508,2018-08-09 19:17:20:292
-2.7154,-3.3713,-1.3041,0.3904,-6.9785,-6.8788,-1.2612,2.2926,3.9963,2.5539,0.2129,0.5085,0,-40.69,-1.74,25.03,243.69,41.12,-174.43,0,67.034,,,,NaN,,,,0 / 0,28008,2018-08-09 19:17:20:792
0.2789,-13.6647,2.4903,0.4286,-9.7961,0.1508,-0.2177,-4.2272,3.4818,1.6777,1.0827,0.9553,0,-41.58,14.14,-13.26,177.78,87.34,-70.62,0,62.986,,,,NaN,,,,0 / 0,28508,2018-08-09 19:17:21:292
-2.2411,-6.3657,-2.8252,0.5046,-6.5988,-7.2369,-1.2769,-0.2223,4.3193,-0.8273,-1.5895,-0.0822,0,-35.63,4.66,22.72,247.59,42.77,-175.1,0,60.553,,,,NaN,,,,0 / 0,29008,2018-08-09 19:17:21:792
0.6622,-8.3467,1.3597,0.6849,-9.7614,-0.6451,0.4974,2.3568,1.1018,0.7174,0.4137,0.0525,0,-35.56,17.67,-6.48,235.31,84.49,-133.28,0,63.341,,,,NaN,,,,0 / 0,29508,2018-08-09 19:17:22:292
-1.8794,-5.0865,-1.6634,0.6182,-7.1145,-6.721,-3.1077,1.3293,5.8297,-2.6302,-2.1072,-0.3544,0,-20.57,8.5,13.74,248.75,53.52,-168.97,0,60.428,,,,NaN,,,,0 / 0,30008,2018-08-09 19:17:22:792
2.4468,-8.0018,-0.4178,0.4221,-9.7343,-1.1119,2.2404,1.195,0.2689,0.7328,0.8244,0.1058,0,-15.04,15.53,-2.48,261.22,82.22,-160.79,0,64.717,,,,NaN,,,,0 / 0,30508,2018-08-09 19:17:23:292
0.14,-7.9587,-2.1305,0.8526,-8.1876,-5.3298,0.0921,-0.3343,1.709,-3.0973,-2.2857,-0.9574,0,-20.64,13.01,5,270.66,61.57,-167.6,0,64.524,,,,NaN,,,,0 / 0,31008,2018-08-09 19:17:23:792
2.7582,-8.6318,-2.4372,0.8223,-9.7158,-1.0479,2.0913,0.9116,-1.6708,0.6913,0.6427,0.403,0,-24.89,14.37,-16.54,268.91,80.73,-144.55,0,66.66,,,,NaN,,,,0 / 0,31508,2018-08-09 19:17:24:292
-1.2063,-7.6257,1.2974,0.7357,-9.1706,-3.3954,-2.2215,1.4026,5.1119,-3.3898,-3.9837,-0.9201,0,-30.73,19.55,-23.07,304.25,73.42,-165.95,0,65.029,,,,NaN,,,,0 / 0,32008,2018-08-09 19:17:24:792
2.4732,-7.5299,-0.8346,1.201,-9.5756,-1.7425,1.7666,0.9883,0.8186,2.1235,3.1285,-0.1035,0,-27.73,14.26,-34.46,295.8,74.14,-157.68,0,66.411,,,,NaN,,,,0 / 0,32508,2018-08-09 19:17:25:292
0.4945,-11.2333,0.574,-0.5278,-9.3408,2.9397,1.6057,-2.2038,-2.0199,-0.1743,1.1621,-0.0023,0,0.21,-5.61,-48.71,170.96,71.98,7.74,0,62.371,,,,NaN,,,,0 / 0,33008,2018-08-09 19:17:25:792
2.0061,-7.9658,-1.7041,1.5335,-9.2611,-2.8373,0.365,0.8371,0.9179,1.1744,1.1194,-0.2069,0,10.8,25.71,-44.01,351.43,68.71,-156.82,0,63.649,,,,NaN,,,,0 / 0,33508,2018-08-09 19:17:26:292
4.8399,-9.2642,3.815,1.3536,-9.4703,2.1569,2.6911,-0.0953,2.1723,-0.0422,1.8246,-0.0439,0,41.57,13.83,-21.48,282.85,75.06,-35.41,0,62.768,,,,NaN,,,,0 / 0,34008,2018-08-09 19:17:26:792
2.5283,-12.5652,4.8882,0.3913,-9.3981,-2.7735,1.8833,-3.174,6.7144,-2.0592,0.8414,-1.4591,0,42.93,12.6,11.23,92.15,77.75,-173.41,0,56.369,,,,NaN,,,,0 / 0,34508,2018-08-09 19:17:27:292
1.848,-20.0295,-0.4585,1.1682,-9.0797,-3.5164,-1.3193,-3.8836,2.3003,2.1501,2.7386,1.2238,0,39.76,12.22,17.17,88.32,67.8,-161.62,0,64.55,,,,NaN,,,,0 / 0,35008,2018-08-09 19:17:27:792
3.3763,-11.7076,-5.1273,0.005,-9.7403,1.1392,2.2064,-0.8205,-7.3333,-2.9599,-1.4047,-0.7091,0,32.68,14.85,31.48,312.8,78.14,6.33,0,65.391,,,,NaN,,,,0 / 0,35508,2018-08-09 19:17:28:292
-1.7836,4.2391,-2.3653,0.8127,-9.1657,-3.3912,-0.8228,10.6791,2.729,1.6825,2.8137,-0.0492,0,42.54,7.69,18.52,99.42,68.15,-168.27,0,65.004,,,,NaN,,,,0 / 0,36008,2018-08-09 19:17:28:792
-0.2002,-10.1385,-7.8725,-0.4685,-9.6836,1.4762,-0.4265,-1.1451,-8.2051,-1.8883,-1.3994,-0.4008,0,34.97,13.73,23.62,290.09,79.23,17.39,0,68.949,,,,NaN,,,,0 / 0,36508,2018-08-09 19:17:29:292
0.9473,-2.267,0.6338,0.6291,-8.9422,-3.9764,1.8783,1.5777,4.2856,1.6947,-0.4603,-0.1733,0,40.14,14.16,2.4,75.74,62.27,-174.46,0,67.01,,,,NaN,,,,0 / 0,37008,2018-08-09 19:17:29:792
4.9142,-15.9332,-0.0513,-0.2828,-9.5531,2.1975,5.1564,-6.8282,-1.9589,-0.5343,-0.6564,0.428,0,37.47,13.62,13.96,294.71,78.03,1.94,0,63.132,,,,NaN,,,,0 / 0,37508,2018-08-09 19:17:30:292
-8.9916,-12.8957,-32.7615,-0.0676,-8.2241,-5.3414,-8.6467,-6.7599,-23.364,1.1142,1.6297,0.3684,0,38.33,16.39,0.44,76.84,52.2,177.26,0,65.099,,,,NaN,,,,0 / 0,38007,2018-08-09 19:17:30:791
0.5808,-11.2333,-1.261,-0.5773,-9.616,1.8354,0.6777,-0.7956,-1.9359,0.4484,-1.1368,0.5079,0,38.46,15.39,10.67,273.13,79.28,17.07,0,61.233,,,,NaN,,,,0 / 0,38508,2018-08-09 19:17:31:292
-1.1464,-3.8552,-3.5343,-0.6834,-6.8259,-7.0078,-0.5357,2.6643,3.1524,1.6026,-0.0534,-0.0151,0,34.35,13.23,-3.84,74.84,43.47,176.13,0,66.264,,,,NaN,,,,0 / 0,39008,2018-08-09 19:17:31:792
0.7293,-7.8413,1.2303,0.6407,-9.7856,0.0363,0.2627,1.8259,0.2794,-0.1924,0.6177,-0.1217,0,31.8,10.45,12.92,4.1,86.74,-71.18,0,63.605,,,,NaN,,,,0 / 0,39508,2018-08-09 19:17:32:292
0.2454,-7.1514,0.2458,-0.004,-8.9556,-3.9959,0.9667,0.9695,3.3535,-1.6832,-0.4582,-0.291,0,32.83,3.68,12.26,105.84,65.95,179.94,0,62.316,,,,NaN,,,,0 / 0,40008,2018-08-09 19:17:32:792
7.2258,-14.2779,2.3969,1.0663,-9.7485,0.0273,5.6448,-4.6631,4.3266,1.5509,1.6276,-0.4636,0,23.58,13.14,20.89,45.14,83.91,-98.49,0,64.142,,,,NaN,,,,0 / 0,40508,2018-08-09 19:17:33:292
1.2515,-11.1374,-1.2011,0.4415,-9.3903,2.7924,1.2365,-2.0685,-2.3743,-0.7101,1.6121,-0.185,0,7.67,22.86,29.23,354.54,73.24,-8.99,0,57.428,,,,NaN,,,,0 / 0,41008,2018-08-09 19:17:33:792
0.643,-8.1455,-4.3511,0.9363,-9.4474,-2.4578,-0.1991,0.8712,-1.6676,1.1525,1.7282,-0.5078,0,-10.4,0.81,39.51,178.1,72.99,-165.52,0,64.943,,,,NaN,,,,0 / 0,41508,2018-08-09 19:17:34:292
3.7092,-9.5133,3.1347,0.9797,-9.6498,1.4463,2.8654,-0.3542,1.856,-0.0331,2.3253,-0.0247,0,-37.53,8.27,17.6,98.43,79.76,-36.1,0,58.937,,,,NaN,,,,0 / 0,42009,2018-08-09 19:17:34:793
0.4562,-8.7444,-0.746,1.4851,-9.1358,-3.2406,0.2827,-0.115,4.1749,-2.3836,-2.4598,-1.5933,0,-40.87,4.02,1.04,250.82,70.47,-156.32,0,59.193,,,,NaN,,,,0 / 0,42508,2018-08-09 19:17:35:292
2.2217,-5.889,-2.1234,1.4309,-9.6549,-0.9514,1.0295,3.5037,-0.7318,1.4375,3.4742,-0.0695,0,-41.16,6.11,-4.38,236.59,78.37,-141.58,0,66.387,,,,NaN,,,,0 / 0,43008,2018-08-09 19:17:35:792
0.3747,-13.6934,-1.788,0.7869,-9.6698,-1.4308,-0.9774,-4.1718,5.0379,-1.8595,0.2262,-1.5603,0,-41.54,13.54,-12.53,275.76,88,-165.4,0,62.548,,,,NaN,,,,0 / 0,43508,2018-08-09 19:17:36:292
5.0196,-13.6,-1.3209,0.2486,-9.4064,-2.7618,5.0087,-5.9688,1.5214,1.7587,1.6451,0.6192,0,-44.81,12.46,1.16,270.16,67.54,-176.85,0,67.859,,,,NaN,,,,0 / 0,44008,2018-08-09 19:17:36:792
3.611,-10.426,-5.7166,-0.4888,-9.7945,0.0122,3.6361,-0.7019,-6.2315,-3.7269,-1.9533,-0.6261,0,-44.46,15.8,-11.34,55.74,85.33,47.02,0,62.166,,,,NaN,,,,0 / 0,44508,2018-08-09 19:17:37:292
-3.7119,-5.9536,-0.2237,0.9026,-9.0884,-3.5716,-5.6547,5.3914,2.452,1.9856,2.9176,1.0192,0,-55.21,6.66,8.36,251.64,67.94,-165.82,0,67.243,,,,NaN,,,,0 / 0,45008,2018-08-09 19:17:37:792
-0.9619,-10.5146,-4.9836,-0.2799,-9.6603,1.6643,-0.9711,-1.4171,-6.5392,-0.9727,-0.1402,0.0845,0,-52.45,9.78,-24.24,104.15,79.16,8.52,0,64.618,,,,NaN,,,,0 / 0,45508,2018-08-09 19:17:38:292
7.8678,-29.7863,-10.5794,0.1753,-8.2417,-5.3117,7.2274,-24.5072,-10.313,1.5456,1.7618,0.093,0,-54.94,3.59,0.85,269.79,57.18,-178.11,0,67.1,,,,NaN,,,,0 / 0,46009,2018-08-09 19:17:38:793
-1.3596,-12.2106,-1.6538,-0.2006,-9.6881,1.507,-0.3642,-2.2491,-3.178,1.5296,-0.4289,0.7364,0,-44.32,1.04,-30.77,120.37,82.98,3.5,0,67.917,,,,NaN,,,,0 / 0,46509,2018-08-09 19:17:39:293
-1.9513,-1.4741,1.4052,-0.6886,-6.7269,-7.1025,-1.208,4.3079,6.2173,2.7041,0.419,-0.2862,0,-49.86,9.62,0.93,280.05,40.37,174.36,0,67.933,,,,NaN,,,,0 / 0,47009,2018-08-09 19:17:39:793
-1.3883,-9.6355,0.5907,0.6623,-9.5885,1.9473,-2.1862,-0.2767,-1.6105,0.7717,1.2766,0.174,0,-32.58,-4.17,-38.38,157.73,77.89,-18.78,0,68.708,,,,NaN,,,,0 / 0,47508,2018-08-09 19:17:40:292
-6.7326,-13.0299,5.0775,0.2872,-9.7531,-0.982,-6.5877,-3.8981,5.0646,-2.4784,1.4055,-0.7379,0,-15.72,6.2,-47.71,320.98,86.49,-159.2,0,54.77,,,,NaN,,,,0 / 0,48008,2018-08-09 19:17:40:792
0.3436,-11.9016,-4.0254,1.9825,-9.4982,-1.4225,-1.5113,-2.302,-2.9372,0.7509,1.0534,0.2911,0,-2.74,5.92,-48.31,304.21,74.8,-127.96,0,65.897,,,,NaN,,,,0 / 0,48508,2018-08-09 19:17:41:292
4.2985,-8.6677,0.7488,0.7316,-9.2993,3.0262,3.593,0.1688,-2.0869,0.1411,1.2904,0.1761,0,45.28,-2.86,-19.29,259.78,71.79,-17.6,0,62.449,,,,NaN,,,,0 / 0,49008,2018-08-09 19:17:41:792
-2.2723,-2.7078,-1.3376,0.8461,-7.3886,-6.3924,-3.1863,4.4509,4.9217,-1.5618,-1.3482,-0.0071,0,39.4,15.63,-19.36,51.39,52.14,-169.28,0,60.455,,,,NaN,,,,0 / 0,49509,2018-08-09 19:17:42:293
3.0193,-7.2927,-0.4824,1.0964,-9.7449,-0.0698,1.7945,1.9318,-0.487,0.5815,1.2222,0.64,0,46.82,0.02,10.55,22.19,82.92,-98.87,0,64.805,,,,NaN,,,,0 / 0,50008,2018-08-09 19:17:42:792
0.0274,-9.6355,-7.1491,0.4946,-8.8127,-4.2735,-0.8794,-0.6123,-2.9028,-3.4457,-2.3262,-0.7065,0,46.4,-4.76,-0.05,87.42,67.06,-170.98,0,65.81,,,,NaN,,,,0 / 0,50508,2018-08-09 19:17:43:292
-1.0985,-6.0111,-2.2527,0.727,-9.6486,-1.5956,-1.7609,3.2653,-0.9785,1.3634,2.41,0.2555,0,46.34,-4.37,9.77,79.9,78.63,-159.39,0,68.394,,,,NaN,,,,0 / 0,51008,2018-08-09 19:17:43:792
1.0694,-10.4476,2.246,-0.0225,-9.6106,-1.9512,5.1746,-4.718,4.0929,-1.909,0.9549,-1.8548,0,41.16,-8.96,13.6,122.01,80.66,168.16,0,64.352,,,,NaN,,,,0 / 0,51508,2018-08-09 19:17:44:292
3.4218,-19.0162,-0.7699,0.6142,-9.4122,-2.6839,0.6879,-6.7468,2.5238,2.2258,2.8361,0.6805,0,42.81,-4.69,-0.34,79.32,65.48,-174.14,0,66.022,,,,NaN,,,,0 / 0,52008,2018-08-09 19:17:44:792
3.932,-9.1564,-2.7965,-0.3246,-9.7375,1.1166,4.0681,0.5894,-3.744,-2.2734,-0.4044,0.1031,0,39.16,-4.97,16.25,278.83,81.29,12.35,0,63.23,,,,NaN,,,,0 / 0,52508,2018-08-09 19:17:45:292
2.6528,-3.6683,3.518,0.0125,-8.456,-4.9666,2.7799,3.6666,8.0703,2.0122,0.5852,-0.6303,0,35.86,1.37,-9.7,78.74,57.93,179.9,0,65.694,,,,NaN,,,,0 / 0,53008,2018-08-09 19:17:45:792
-0.2744,-18.1346,-0.94,-0.1918,-9.6562,1.7003,-2.6227,-7.212,-3.2848,1.4865,-0.9813,0.8419,0,35.18,-2.46,7.08,281.72,83,0.35,0,61.992,,,,NaN,,,,0 / 0,53508,2018-08-09 19:17:46:292
-0.5882,-3.2491,-3.7451,-0.627,-6.6061,-7.2205,-0.2738,3.4212,3.2632,2.1416,-0.186,-0.4444,0,31.11,4.9,-9.08,75.94,42.35,175.04,0,64.265,,,,NaN,,,,0 / 0,54008,2018-08-09 19:17:46:792
-0.193,-8.2629,-0.2764,0.5084,-9.7915,-0.1971,0.3661,1.7418,-0.3688,0.14,0.6262,-0.0311,0,30.94,1.4,9.6,39.05,86.81,-111.19,0,64.714,,,,NaN,,,,0 / 0,54508,2018-08-09 19:17:47:292
-1.9369,-10.1649,-2.1545,0.3931,-9.3003,-3.0856,-1.8721,-0.4324,0.9914,-1.3141,-1.9725,-0.8876,0,32.85,-2.76,7.39,95.98,72.33,-172.68,0,64.87,,,,NaN,,,,0 / 0,55008,2018-08-09 19:17:47:792
2.4636,-6.8879,-1.0789,0.7501,-9.7268,-0.9989,0.4328,0.0163,-0.4917,0.3999,1.944,-0.2383,0,28.98,2.28,18.14,84.54,82.68,-143.09,0,58.448,,,,NaN,,,,0 / 0,55508,2018-08-09 19:17:48:292
2.4876,-8.948,0.95,0.5609,-9.4673,2.495,1.9691,0.1819,-1.335,0.5507,0.7466,0.1068,0,8.59,12.46,32.64,358.81,76.18,-17.73,0,60.67,,,,NaN,,,,0 / 0,56008,2018-08-09 19:17:48:792
-0.6026,-6.6843,-0.1279,-0.047,-9.2662,-3.2102,-0.6136,2.0042,3.0582,-0.1977,0.4861,0.0088,0,-3.82,-10.65,38.46,191.09,71.84,179.34,0,62.414,,,,NaN,,,,0 / 0,56509,2018-08-09 19:17:49:293
-5.9877,2.3802,6.8286,1.2648,-9.677,-0.9626,-7.0163,11.798,7.2644,1.0993,2.605,0.0062,0,-26.47,-4.72,31.89,181.03,80.52,-143.89,0,62.556,,,,NaN,,,,0 / 0,57008,2018-08-09 19:17:49:792
1.3138,-10.0954,-0.4681,0.1825,-9.5798,2.0891,1.6828,-0.4303,-2.1143,0.4042,0.2923,0.3194,0,-40.73,-1.38,-14.09,113.61,77.65,-4.99,0,60.838,,,,NaN,,,,0 / 0,57508,2018-08-09 19:17:50:292
1.1054,-3.3641,-2.9809,0.4869,-6.5876,-7.2482,0.7193,2.94,3.9807,-1.0542,-0.7091,-0.1456,0,-37.31,-8.84,-4.71,262.38,42.2,-176.16,0,67.62,,,,NaN,,,,0 / 0,58009,2018-08-09 19:17:50:793
3.4194,-7.8197,-0.3675,0.665,-9.7777,-0.3527,3.4496,1.801,0.1592,0.5453,0.6832,0.0978,0,-30.85,-8.91,-21.89,249.86,84.44,-126.47,0,65.875,,,,NaN,,,,0 / 0,58508,2018-08-09 19:17:51:292
0.2598,-8.8019,-3.7044,0.9585,-8.6743,-4.4731,-0.9286,-0.0506,1.3942,-3.3519,-3.9065,-1.0394,0,-28.99,-5.88,-17.46,283.24,69.8,-161.09,0,65.312,,,,NaN,,,,0 / 0,59008,2018-08-09 19:17:51:792
0.6287,-8.6725,-1.2083,0.5203,-9.6866,-1.4388,0.081,0.7338,0.134,1.5376,1.7426,0.9175,0,-24.2,-9.1,-14.49,275.52,77.9,-162.08,0,68.443,,,,NaN,,,,0 / 0,59508,2018-08-09 19:17:52:292
2.6624,-11.9184,-4.5763,-0.1756,-9.7986,-0.356,2.7772,-2.2619,-4.3436,-3.5272,-1.3072,-0.9515,0,-21.58,-9.36,-12.68,72.11,87.35,49.38,0,64.123,,,,NaN,,,,0 / 0,60008,2018-08-09 19:17:52:792
-1.6878,-7.125,0.8686,-0.018,-8.9062,-4.1047,-2.5484,3.3607,4.1159,2.2029,2.2428,0.7503,0,-21.36,-7.55,-2.24,266.73,63.99,179.65,0,66.723,,,,NaN,,,,0 / 0,60508,2018-08-09 19:17:53:292
0.6862,-17.4064,-0.9208,-0.2107,-9.6643,1.6516,0.2983,-7.8725,-3.427,0.5624,-0.8268,0.5969,0,-19.43,-9.85,-6.02,104.84,80.22,7.27,0,63.251,,,,NaN,,,,0 / 0,61008,2018-08-09 19:17:53:792
-1.2302,-2.782,-1.1412,-0.4746,-6.9644,-6.8879,-0.6466,3.5153,4.3664,2.5166,-0.3144,-0.4008,0,-20.11,-10.9,4.74,247,43.05,176.63,0,65.224,,,,NaN,,,,0 / 0,61508,2018-08-09 19:17:54:292
0.8754,-10.9674,2.4712,0.427,-9.7964,-0.1389,-0.2166,-0.7109,1.6522,0.7094,0.4222,0.4381,0,-25.32,-9.06,-3.49,212.23,86.94,-115.93,0,66.65,,,,NaN,,,,0 / 0,62008,2018-08-09 19:17:54:792
-3.8629,-4.684,0.0829,-0.9886,-7.2156,-6.5672,-2.7863,2.2405,6.5812,-2.6052,-1.3168,-0.298,0,-22.76,-9.11,0.34,264.85,52.08,173.33,0,62.849,,,,NaN,,,,0 / 0,62508,2018-08-09 19:17:55:292
1.2012,-10.0403,-2.1234,1.0944,-9.7261,-0.6134,0.2965,-0.6035,-1.5811,1.8476,2.4494,0.5734,0,-21.02,-10.19,-3.16,231.72,78.89,-143.15,0,68.282,,,,NaN,,,,0 / 0,63009,2018-08-09 19:17:55:793
1.6707,-9.2594,1.2447,0.1012,-9.3375,2.9953,1.4679,-0.2852,-1.5629,0.2966,1.1583,0.134,0,-18,-9.65,-10.47,126.36,72.42,-3.38,0,62.17,,,,NaN,,,,0 / 0,63508,2018-08-09 19:17:56:292
-1.8746,-6.0303,0.0781,0.8624,-9.1357,-3.459,-2.5448,2.6278,3.6949,-0.2723,0.3157,0.069,0,-16.59,6.02,-20.24,305.47,69.61,-165.02,0,63.504,,,,NaN,,,,0 / 0,64008,2018-08-09 19:17:56:792
6.9551,-11.147,1.707,1.1795,-9.7323,0.2494,5.6397,-2,1.4772,0.8803,3.2713,0.2006,0,3.16,-1.59,-30.13,280.02,81.86,-100.62,0,64.964,,,,NaN,,,,0 / 0,64508,2018-08-09 19:17:57:292
2.7654,-13.624,-0.2237,-0.2581,-9.539,2.2609,2.6026,-4.403,-2.1656,-0.2605,0.3988,0.2389,0,30.18,-6.49,-10.44,243.39,76.58,6.51,0,64.832,,,,NaN,,,,0 / 0,65008,2018-08-09 19:17:57:792
-1.0266,-2.7796,-1.8455,-0.1218,-7.1518,-6.7087,-0.5821,3.5632,3.6115,2.8016,0.4515,-0.3331,0,33.97,14.66,-19.65,56.95,42.87,179.25,0,68.336,,,,NaN,,,,0 / 0,65508,2018-08-09 19:17:58:292
0.9784,-12.0885,2.0208,0.488,-9.7804,0.5248,-1.2061,-2.1829,2.6792,1.4199,0.1516,0.7167,0,43.16,0.66,12.78,0.56,86.35,-74.96,0,67.782,,,,NaN,,,,0 / 0,66008,2018-08-09 19:17:58:792
-0.7224,-4.7032,-3.139,0.3328,-7.2188,-6.6294,-1.0693,2.4688,3.1329,-1.6065,-1.3679,-0.1456,0,50.23,7.25,-1.42,81.65,47.4,-177.13,0,65.556,,,,NaN,,,,0 / 0,66508,2018-08-09 19:17:59:292
7.0629,-8.6773,1.6567,0.3382,-9.7843,-0.5692,6.5675,0.8069,1.7903,0.2225,0.7136,0.4275,0,44.47,5.43,21.62,83.01,84.75,-149.06,0,67.545,,,,NaN,,,,0 / 0,67008,2018-08-09 19:17:59:792
-1.5129,-10.9793,-4.0062,0.7075,-8.6634,-4.5404,-2.9066,-2.6299,-1.5953,-3.2523,-1.3738,-1.148,0,48.18,11.41,10.99,88.13,66.75,-167.76,0,65.448,,,,NaN,,,,0 / 0,67508,2018-08-09 19:18:00:292
3.4146,-10.3709,-0.9112,0.7478,-9.7028,-1.2112,2.3095,-0.9002,-0.1542,0.6742,0.1176,0.7135,0,38.69,15.29,25.36,84.46,79.57,-148.73,0,68.479,,,,NaN,,,,0 / 0,68008,2018-08-09 19:18:00:792
-1.659,-8.7899,6.2728,0.4744,-9.7097,-1.2911,2.6943,-3.2083,9.1032,-2.2648,-1.2966,-1.4511,0,36.72,13.37,26.99,136.04,87.32,168.29,0,65.805,,,,NaN,,,,0 / 0,68508,2018-08-09 19:18:01:292
1.1605,-15.6026,-1.6155,-0.0192,-9.0241,-3.8388,1.2579,-4.6374,2.4072,1.9978,2.5884,0.6262,0,41.02,7.12,11.93,101.72,66.96,179.71,0,66.202,,,,NaN,,,,0 / 0,69008,2018-08-09 19:18:01:792
-3.9299,-10.3445,-4.2457,-0.5609,-9.6113,1.865,-3.2638,-2.3133,-5.8397,-0.1535,-0.3149,0.4547,0,33.8,12.54,24.5,295.7,78.83,14.36,0,62.819,,,,NaN,,,,0 / 0,69509,2018-08-09 19:18:02:293
-7.7938,-16.98,-21.6297,-0.4915,-7.3155,-6.5125,-7.3849,-5.0457,-20.4305,0.3131,0.8116,0.4781,0,40.82,2.78,0.75,91.63,46.11,175.1,0,68.07,,,,NaN,,,,0 / 0,70008,2018-08-09 19:18:02:792
-1.5943,-8.3276,0.5165,0.3653,-9.7902,0.4347,-2.0047,0.6364,-0.0467,1.2037,0.2598,-0.0109,0,39.29,4.8,15.24,9.06,87.85,-76.56,0,66.355,,,,NaN,,,,0 / 0,70508,2018-08-09 19:18:03:292
0.1424,-13.1089,4.4978,1.1625,-9.5102,2.0916,-1.3096,-3.6913,2.2198,-0.9194,0.0787,-1.3685,0,36,11.05,17.63,313.05,75.37,-15.83,0,60.847,,,,NaN,,,,0 / 0,71008,2018-08-09 19:18:03:792
2.5283,-8.2413,4.8547,2.3364,-8.3086,4.6561,0.3704,0.0585,0.4363,-0.047,-0.1418,-0.0668,0,12.36,22.54,30.67,4.46,57.92,-26.58,0,66.354,,,,NaN,,,,0 / 0,71508,2018-08-09 19:18:04:292
2.8325,0.2147,10.278,0,0,0,0,0,0,1.8135,1.7437,-3.5294,6,-23.63,26.9,19.46,0,0,0,2,63.781,,,,NaN,,,,0 / 0,72008,2018-08-09 19:18:04:792
-1.6614,1.9778,9.4851,0,0,0,0,0,0,0.3333,-1.9459,0.4738,11,-39.6,1.78,-7.96,0,0,0,2,61.771,,,,NaN,,,,0 / 0,72508,2018-08-09 19:18:05:292
-0.3319,2.6102,9.751,0,0,0,0,0,0,-0.0858,0.076,0.0131,6,-38.99,5.15,0.25,0,0,0,2,66.574,,,,NaN,,,,0 / 0,73008,2018-08-09 19:18:05:792
0.2262,2.6413,9.3726,0,0,0,0,0,0,-0.0193,-0.1429,0.0483,6,-38.39,7.39,0.82,0,0,0,2,66.086,,,,NaN,,,,0 / 0,73508,2018-08-09 19:18:06:292
0.3771,2.6605,9.6935,0,0,0,0,0,0,-0.0938,-0.0156,-0.0838,6,-38.38,6.83,0.83,0,0,0,2,63.185,,,,NaN,,,,0 / 0,74008,2018-08-09 19:18:06:792
0.4969,2.5192,9.5235,0,0,0,0,0,0,-0.0059,-0.0097,-0.062,6,-38.35,5.14,1.53,0,0,0,2,65.68,,,,NaN,,,,0 / 0,74508,2018-08-09 19:18:07:292
0.1448,2.4329,9.5738,0,0,0,0,0,0,-0.0145,-0.0081,0.0578,6,-39.63,5.17,0.25,0,0,0,2,63.975,,,,NaN,,,,0 / 0,75008,2018-08-09 19:18:07:792
-0.8781,1.652,10.2182,0,0,0,0,0,0,-0.5285,0.2273,0.1207,6,-38.41,7.38,-4.31,0,0,0,2,60.797,,,,NaN,,,,0 / 0,75508,2018-08-09 19:18:08:292
-0.8014,1.767,9.7989,0,0,0,0,0,0,0.2572,-0.0284,-0.8759,6,-38.29,1.77,1.63,0,0,0,2,65.352,,,,NaN,,,,0 / 0,76007,2018-08-09 19:18:08:791
0.6215,2.7779,8.6922,0,0,0,0,0,0,-0.097,0.4782,0.273,6,-38.31,2.9,2.24,0,0,0,2,62.657,,,,NaN,,,,0 / 0,76508,2018-08-09 19:18:09:292
-2.5214,4.1122,8.4527,0,0,0,0,0,0,0.1054,1.1913,0.3092,13,-35.07,-5.92,-7.94,0,0,0,2,60.825,,,,NaN,,,,0 / 0,77008,2018-08-09 19:18:09:792
-4.112,4.0187,8.3209,0,0,0,0,0,0,0.1112,0.214,0.0584,17,-35.78,-3.11,-15.07,0,0,0,2,60.813,,,,NaN,,,,0 / 0,77509,2018-08-09 19:18:10:293
